john_doe,john.doe@example.com,New York,2023-01-15
jane_smith,jane.smith@example.com,Los Angeles,2023-02-20
mike_jones,mike.jones@example.com,Chicago,2023-03-05
lisa_white,lisa.white@example.com,Houston,2023-04-10
robert_brown,robert.brown@example.com,Miami,2023-05-25
john_day,john.day@example.com,Mumbai,2023-07-15
john_jimmy,john.jimmy@example.com,Chicago,2021-07-15,
john_jack,john.jack@example.com,Mumbai,2023-07-15
jdoe123,jdoe123@example.com,Los Angeles,2022-09-15
emily99,emily99@example.com,San Francisco,2021-06-22
alex_smith,alex_smith@example.com,Boston,2023-02-08
mike_2022,mike_2022@example.com,Chicago,2020-10-17
sarah_green,sarah_green@example.com,New York,2019-11-02
jenny_lee,jenny_lee@example.com,Dallas,2024-05-03
james_1995,james_1995@example.com,Miami,2021-12-30
jason123,jason123@example.com,Austin,2022-01-12
lucy_brown,lucy_brown@example.com,Seattle,2023-07-29
hannah_87,hannah_87@example.com,Denver,2022-09-21
brad_king,brad_king@example.com,San Diego,2021-01-25
lisa_white,lisa_white@example.com,Portland,2023-04-10
carl123,carl123@example.com,Atlanta,2022-08-03
steve_1994,steve_1994@example.com,Orlando,2021-03-09
karen_miller,karen_miller@example.com,Las Vegas,2023-11-20
clark_32,clark_32@example.com,Minneapolis,2022-06-18
natalie_jones,natalie_jones@example.com,Houston,2024-02-14
matthew_taylor,matthew_taylor@example.com,Phoenix,2020-12-06
danielle_lee,danielle_lee@example.com,Indianapolis,2021-04-19
luke_morris,luke_morris@example.com,Charlotte,2023-08-27
emma_davis,emma_davis@example.com,New Orleans,2022-10-05
chris_smith,chris_smith@example.com,San Jose,2021-07-11
megan_patel,megan_patel@example.com,Philadelphia,2023-09-13
robert_45,robert_45@example.com,Columbus,2020-02-09
amy_clark,amy_clark@example.com,Washington,2024-01-30
susan_johnson,susan_johnson@example.com,Baltimore,2022-04-24
david_wilson,david_wilson@example.com,Detroit,2023-05-08
kyle_ryan,kyle_ryan@example.com,Cleveland,2021-10-01
victoria_smith,victoria_smith@example.com,Charlotte,2020-07-14
paul_williams,paul_williams@example.com,Jacksonville,2023-01-17
samantha_1980,samantha_1980@example.com,Memphis,2024-03-22
mark_stevenson,mark_stevenson@example.com,Fort Worth,2022-03-12
jack_lee,jack_lee@example.com,San Antonio,2021-09-19
olivia_harris,olivia_harris@example.com,Denver,2022-12-02
john_miller,john_miller@example.com,Chicago,2023-10-14
rebecca_thomas,rebecca_thomas@example.com,St. Louis,2020-08-11
victor_87,victor_87@example.com,Dallas,2021-11-16
susan_garcia,susan_garcia@example.com,Portland,2023-02-23
laura_baker,laura_baker@example.com,Miami,2021-05-18
michael_02,michael_02@example.com,Los Angeles,2022-01-22
rachel_davis,rachel_davis@example.com,Washington,2024-02-28
george_jones,george_jones@example.com,Boston,2021-06-02
brian_1985,brian_1985@example.com,Seattle,2023-11-11
julia_taylor,julia_taylor@example.com,Philadelphia,2020-09-08
timothy_wilson,timothy_wilson@example.com,Austin,2022-07-24
daniel_garcia,daniel_garcia@example.com,Chicago,2023-03-30
samantha_lee,samantha_lee@example.com,San Francisco,2020-11-01
william_34,william_34@example.com,New York,2024-01-16
jacob_martin,jacob_martin@example.com,Baltimore,2022-06-05
melissa_81,melissa_81@example.com,Indianapolis,2023-08-02
tom_harris,tom_harris@example.com,Las Vegas,2020-10-24
olivia_martin,olivia_martin@example.com,Columbus,2021-07-29
susan_walker,susan_walker@example.com,Dallas,2024-02-12
jackson_smith,jackson_smith@example.com,Charlotte,2023-05-05
benjamin_smith,benjamin_smith@example.com,Miami,2020-06-14
william_johnson,william_johnson@example.com,Seattle,2024-03-04
amanda_thomas,amanda_thomas@example.com,Los Angeles,2021-08-19
gregory_king,gregory_king@example.com,San Jose,2023-01-22
cynthia_white,cynthia_white@example.com,Denver,2022-11-06
tim_1988,tim_1988@example.com,Chicago,2023-04-17
jessica_taylor,jessica_taylor@example.com,Phoenix,2020-05-21
eric_92,eric_92@example.com,Orlando,2024-03-15
katherine_jones,katherine_jones@example.com,Detroit,2021-02-28
matthew_1984,matthew_1984@example.com,St. Louis,2023-09-25
nancy_56,nancy_56@example.com,Phoenix,2020-07-01
brian_smith,brian_smith@example.com,Boston,2021-12-20
claire_jones,claire_jones@example.com,Houston,2023-10-05
karen_miller,karen_miller@example.com,Austin,2020-03-10
peter_davis,peter_davis@example.com,Seattle,2022-02-04
alison_lee,alison_lee@example.com,Miami,2021-11-07
nancy_1990,nancy_1990@example.com,Washington,2023-06-19
christina_hall,christina_hall@example.com,Los Angeles,2020-09-16
rebecca_89,rebecca_89@example.com,San Francisco,2023-03-09
patrick_brown,patrick_brown@example.com,Boston,2024-01-18
james_45,james_45@example.com,Chicago,2021-06-30
sarah_miller,sarah_miller@example.com,Indianapolis,2020-12-02
ellen_morris,ellen_morris@example.com,Philadelphia,2021-03-23
mike_smith,mike_smith@example.com,St. Louis,2024-04-10
matthew_smith,matthew_smith@example.com,Atlanta,2023-02-14
karen_baker,karen_baker@example.com,Chicago,2020-04-29
susan_morris,susan_morris@example.com,Columbus,2023-11-08
robert_1992,robert_1992@example.com,San Diego,2024-01-05
alice_jones,alice_jones@example.com,Miami,2021-08-07
nancy_lee,nancy_lee@example.com,Washington,2020-05-14
michael_davis,michael_davis@example.com,Phoenix,2023-03-16
deborah_84,deborah_84@example.com,Portland,2022-11-25
ellen_harris,ellen_harris@example.com,Los Angeles,2024-02-20
kyle_baker,kyle_baker@example.com,Charlotte,2020-10-30
eric_45,eric_45@example.com,Boston,2023-01-08
elizabeth_martin,elizabeth_martin@example.com,San Jose,2021-04-24
sarah_1997,sarah_1997@example.com,New York,2024-02-18
george_brown,george_brown@example.com,Dallas,2020-11-04
timothy_smith,timothy_smith@example.com,Denver,2023-05-14
nancy_harris,nancy_harris@example.com,San Antonio,2021-06-01
brian_lee,brian_lee@example.com,Washington,2020-09-12
susan_1986,susan_1986@example.com,Los Angeles,2024-01-23
christine_morris,christine_morris@example.com,Boston,2022-07-10
david_99,david_99@example.com,Phoenix,2023-04-13
lori_88,lori_88@example.com,San Diego,2020-05-09
